gamma,phi,eta,L,t,r
0.08459563245845875,1.5573670324781919,0.0009814830091385606,0.003220549554212802,24.231106542437196,7.453712135492654e-07
0.06429123182754655,1.5388422115607554,0.0009975033413744542,0.0023950588951781706,22.169764818033904,2.6006799204032183e-07
0.08622356312886671,1.5461380388178143,0.0010076172459006752,0.0030364515927952273,23.257709059102012,3.73461769779581e-07
0.08285907106523549,1.5668780336011534,0.000997456575666865,0.0012606889246228208,12.717431992562547,7.567172656627005e-07
0.09083244493311055,1.570229053820606,0.0010017078574895836,0.0005760748801939976,15.189146468953714,8.23906656220311e-07
0.08541217784026527,1.3604017685724548,0.000989215134705949,0.009750668263301437,21.397341421525,5.01835012639196e-07
0.06691700663693476,1.5356457801664871,0.0010160744880847274,0.003839792847998243,25.38746387476213,4.994777674214031e-07
0.052362869777911866,1.4209383518343137,0.0010017016209402626,0.0059282190294536186,29.509934955425745,2.950067565152818e-07
0.08877895995386,1.5647324151432775,0.0010057289845680144,0.0016314727135255172,18.067934751137656,5.719191059786277e-07
0.0697923014334331,1.221024659471075,0.0010008527801439518,0.013180483413840547,16.143020043111857,8.919035126826444e-07
0.07818245674037652,1.3876416825594022,0.0009946271438979414,0.01022615267731047,29.196137913377413,5.028463629494296e-07
0.07856467398901391,1.542858667195145,0.000996952962726561,0.002206859464141105,10.148464514341196,4.297786970529531e-07
0.05596133377146872,1.2861351477613376,0.0009911965314796769,0.011974909573357522,24.273962853923088,7.25047572715212e-07
0.05616763680328314,1.477580455619716,0.0010169655909877454,0.0037240069379432888,17.328251200937764,3.1165323428789506e-07
0.07206890624614404,1.4966233815847403,0.0010097663610117364,0.004143266719549083,20.245145871787052,3.1747764973876636e-07
0.06475949254721944,1.2964021019712848,0.0009823138251846507,0.009418530489585542,19.64058393572986,5.116596836301103e-07
0.0643703061534033,1.4593578852456064,0.0010002779477437031,0.003181329695210549,10.64825068489842,2.6825868694351084e-07
0.06464041441329055,1.2937944017746559,0.0010131429042543904,0.005628678204729888,14.08712099206471,2.5591987029743814e-07
0.07610685930979151,1.471618636151245,0.0009824419552973307,0.004170243338160775,15.939468787459854,2.9285807351973596e-07
0.07567160646844288,1.4410081765998486,0.000998660828295209,0.007913820367560286,17.728199695896105,7.137297520142723e-07
0.07915931274135173,1.5414377242518211,0.0009934868656528303,0.0023745518805335644,17.27062646344084,2.743243456321245e-07
0.07595158414838514,1.4701456503306403,0.0009953779171681754,0.00648826287048417,27.708239667258145,4.0644439836618896e-07
0.07169542836326102,1.4185077808276394,0.0010010643960931338,0.008443342499301298,17.325197588804134,7.894796706064666e-07
0.07577638178623451,1.4805482923514488,0.0010026790659091647,0.005738275073751932,20.723273982999547,4.669994930756678e-07
0.07933626967234986,1.5665655842276274,0.0009939656696475788,0.0009086581816278974,16.373308406663448,3.00700117921395e-07
0.08527498065321734,1.471617887298003,0.0010099196275518492,0.005000902458506648,12.726663152407147,4.771920830019693e-07
0.07098359472164432,1.5524951516245542,0.0009819953151561113,0.0017766390362040207,10.84903678298902,4.293578195811919e-07
0.07832927285156964,1.5624768828893874,0.0010099059601155363,0.0015186819970202851,20.933334332664366,3.4574271955295665e-07
0.07768975987611237,1.5400603756742288,0.00100026737110423,0.0039997551001865524,25.40205499623609,5.437856179278294e-07
0.04794357017021681,1.5677516099480027,0.0010078723577471836,0.0008350333155585968,11.038991103327824,8.604312092926709e-07
0.061143679493733616,1.5611113906520364,0.000997459422926355,0.0012743533199640012,17.54409249913758,3.18001263529753e-07
0.07606865136731462,1.3924068722788796,0.001008895255991609,0.005849932072100951,14.213099104434274,3.485691530127726e-07
0.08526185490295914,1.5214278801661014,0.0010179091127330915,0.005683628514595843,22.36641824148544,7.043304925484773e-07
0.08186761417329369,1.2300540559154318,0.0010130417474911672,0.01092881492810156,16.375838007237142,5.377593234349715e-07
0.08037149911761429,1.2142329578085507,0.0009973977234615761,0.015197971271387301,21.60831842142965,7.484301620181436e-07
0.0827386305953005,1.5590702810178825,0.0010083442198533224,0.0021405009637031533,17.57793674154982,5.650722007700625e-07
0.07918138989445195,1.5041129194091711,0.0009871061718866008,0.005175039085636706,27.58940264338095,3.556519445531561e-07
0.06962795690281648,1.4559474827357994,0.0010079420551843635,0.0052082432631590575,22.470158551422493,3.07310536777081e-07
0.07683755398268349,1.3576245296107672,0.001016772220332107,0.011758350825429505,20.674593415273588,8.160594871011867e-07
0.07609704830657318,1.4403442023638073,0.0010056792188022383,0.00810114528740397,23.06243456900666,5.692790492667183e-07
0.07030498590637667,1.3916430621752376,0.0009797816417937367,0.0074122745749094845,14.716539410150492,5.893066168769102e-07
0.07073089119524588,1.5288815966241605,0.0009760675234144877,0.003628686377785696,15.424958087691568,5.551959381866147e-07
0.0715392987787869,1.4404387535533663,0.0009945698809657904,0.004971069901685236,16.501672224281034,3.2694086694970266e-07
0.07355819121993364,1.284541810549348,0.000992160598263997,0.006837456592719616,10.474991553571009,4.1772432882731575e-07
0.09800977716202951,1.5120952822327498,0.0009936103061400998,0.004022622817907798,27.780139605345145,2.0371250558556515e-07
0.09811497442929448,1.3729219348319601,0.0010055667114586416,0.006874746053651456,12.565159846593223,3.849721216884865e-07
0.06488199091568,1.3691073812390133,0.0010016299920977796,0.005287436305828181,14.845906959331234,2.9191553406247126e-07
0.06262059059851499,1.3028650441503382,0.001012744211012649,0.008691583288082843,20.295814718147145,4.5968786270342696e-07
0.07416048545687624,1.5518939467475752,0.000996207916053401,0.0037529233925270513,23.46789299385413,8.441052150247357e-07
0.08263052404283154,1.354855044399908,0.0010051808119421767,0.006141458352714125,14.446601095174623,3.032878983289484e-07
0.06573009580889314,1.4234421080878847,0.000992296710729094,0.005757926545579562,20.7296394537656,3.189256214353346e-07
0.07509104213698627,1.4539288749116095,0.001010674824473994,0.00918937197130219,23.182075099348978,8.429120011577265e-07
0.07137523104912778,1.456153468326596,0.0010027483918852258,0.005253610606184649,25.647708497877463,2.58342296531601e-07
0.07912140681176456,1.322755215661672,0.0009914001988481959,0.014849930397402396,29.407624703350276,7.821553748287343e-07
0.05523506035785747,1.5642571730014962,0.0009777621903185676,0.002005996971923581,26.270497202601177,8.197638725886834e-07
0.079515053328848,1.4675817103100148,0.0009972654492529192,0.004787139406956723,21.42048522428467,2.617512601823055e-07
0.0786582940834014,1.5147363967562373,0.000989048600078275,0.004216208653358476,23.556683510946357,3.4106822573248385e-07
0.08400044774778628,1.4565362910746475,0.0009984603414101155,0.005843195883388466,14.022445901759435,5.291053114414403e-07
0.08458732545674716,1.3768057992635783,0.0010045484895291723,0.012298828374443745,21.39915106043258,8.657145859937781e-07
0.07651693613517445,1.5551573198533413,0.0009919119781316987,0.0022407617293088997,22.15576375679447,3.7782969828589337e-07
0.06003029345070299,1.4468709167857832,0.0010127070236093212,0.005517111984281392,26.82129039817525,3.135830320934683e-07
0.0652338132431631,1.3193647062748701,0.0009971824371442272,0.00803763931756781,28.022660783538054,2.75748595689819e-07
0.09706049161004308,1.56549054256632,0.0010108294149398275,0.0010126427973806658,10.625205811706834,3.7845613923604716e-07
0.07695848387148496,1.4503611572126578,0.0009851008801478297,0.010368260403596329,25.732603732023186,8.677049629000997e-07
0.06210690470644235,1.5004173512189698,0.001016715529072347,0.004280024128804061,11.26255396947337,7.325215446546494e-07
0.08844665964125753,1.5202714647658624,0.001008878699947525,0.0042142199694499794,24.95626988757364,3.295684025011062e-07
0.06466697356402051,1.4044417027118032,0.0009962356735889184,0.009825168560379809,23.85930662427692,7.516064135262307e-07
0.07265167744759245,1.5625420395740157,0.0009934395164574825,0.002113942725366682,27.25287950465716,5.302297136175947e-07
0.08084521740206892,1.476952969457869,0.001011660158552799,0.006172007469276836,18.209345697853934,5.638908628878376e-07
0.08822155153706054,1.34768953709436,0.0010051288080112923,0.009753474777400718,27.58462734113309,3.724386032993559e-07
0.0662964217836286,1.4138201573838034,0.0010110787246325455,0.006451714795024658,11.24763166749329,7.260054672638363e-07
0.07876145246059642,1.4057067066306121,0.001010002045670237,0.0048944137106015475,10.394075143000324,3.6362746260858384e-07
0.06739811876837545,1.5554878206850076,0.0009867843462675744,0.001935589183149289,22.13843553864475,3.1897164545011827e-07
0.07164530182960474,1.4735402345206314,0.0009860442986684367,0.0075176264948946915,23.411751986542512,7.02990903869557e-07
0.07590869153170715,1.4907761711608556,0.0009880324666116324,0.006009228912233636,23.733081573714884,4.835713847035963e-07
0.07145953092066698,1.5287776383166758,0.00100644841581505,0.00599403839424707,28.722635566862273,8.369913376626072e-07
0.060236336138295286,1.290208604159684,0.0009969285975104378,0.010701872552655709,24.459377097923063,5.44198195186496e-07
0.06897535512644411,1.510957176109586,0.0010098628695646306,0.0036033464049762117,22.215320262821717,2.782870861254072e-07
0.07587586153053742,1.5530218032326848,0.0009927372844142999,0.002372976914563547,28.249187031463006,2.8533709005432405e-07
0.06326837698269243,1.466184590835387,0.0009890892619825677,0.0053921416074255235,16.125877741828802,5.371244754873495e-07
0.0935980361982623,1.4369811394099639,0.0010079538425396184,0.008787182352261334,13.991541291065255,8.669221917547035e-07
0.08478435129783861,1.352919759305827,0.0010027834850682839,0.004845609958081514,11.544445544604557,2.3169157082884872e-07
0.06686022673959781,1.5421922281193858,0.0009992684179624847,0.003187282844764557,13.760036443931511,7.699813642699431e-07
0.0698581483032755,1.4476116614819174,0.0009922457679663313,0.004887437654240252,17.169040210650042,3.241971381428079e-07
0.0806290952940943,1.4214041313451884,0.0010047686208175862,0.006018717466801749,27.056244769847527,2.2326292456262313e-07
0.07196730218012772,1.1557954531508852,0.0009706357584226357,0.01670762583368747,23.018715760858242,8.239496185042661e-07
0.07489031180359178,1.450209735221688,0.000990626772216318,0.006471870995093644,20.07545990743698,4.63070567380267e-07
0.08519750900080081,1.4389283641332964,0.0009988308397124973,0.003835989948429672,10.713803557917636,2.423829102753534e-07
0.08151334071658194,1.2714555351758186,0.0010105642435546598,0.011115233823675108,20.44795923661271,5.013675124856642e-07
0.06421317949531043,1.4471055377812163,0.0010270267953129695,0.004291300854698172,16.265912261074888,2.903115312487937e-07
0.08401261255943009,1.5037300592433842,0.0009732293044899463,0.0031631807948220092,13.541310172976262,2.5849775801864305e-07
0.06771807034047905,1.4959915157426589,0.0010134308018761575,0.003489562742364416,17.306252478957546,2.851825136534696e-07
0.07825002058470837,1.441497245463291,0.0010035035233724894,0.007109577812951437,20.74205366133824,4.916033527216631e-07
0.08137382502676585,1.497794676940824,0.000989069852836398,0.0050950540135192785,10.426995268317922,8.036015558456611e-07
0.08702875971900549,1.504659443679516,0.0009920706461093245,0.00796319694835026,25.712458484392396,8.36407635711603e-07
0.06370086659838183,1.5690148885953503,0.0009890319414329518,0.0004827968726831014,11.788848334194679,3.4767075404026326e-07
0.06494812272040927,1.455888606312405,0.0010170333585560803,0.006297119117904887,23.813403020750137,4.6550324833127793e-07
0.06801155938142618,1.5589886190109605,0.001001990560396057,0.0016843627042225624,25.54331905426529,2.7408303801273724e-07
0.06959980614626342,1.492972246886182,0.000987076025056764,0.006201632847396453,15.414017283389345,8.773565021586719e-07
0.0781433928395107,1.5111295047666256,0.0010337417490584018,0.0042728922913130565,10.257323725374894,7.655886939577642e-07
0.08682823830426427,1.5067070523604045,0.0009786865685906421,0.003738683432208417,10.152730401890793,4.936484654062183e-07
0.07721916023422809,1.2472843761737054,0.0010101140858254243,0.008878443316064211,20.8863690963,3.1655727904220696e-07
0.06760269823460423,1.512532025270716,0.0010156311820521547,0.0044610171121646745,11.946874708567547,8.671562738811305e-07
0.07506733875977524,1.236610337015771,0.0010026825277215355,0.01279759340770875,18.610518992818353,7.142470944406866e-07
0.073536797510115,1.486036571053172,0.0010111750305813834,0.007634244052659074,22.90801132479059,8.513776266648351e-07
0.06962767182441024,1.216092998819585,0.0009825981902304049,0.012634756840960762,18.368662761565897,7.054330331811235e-07
0.09835706423501403,1.503277922930119,0.0010070289754416472,0.004550721461388524,20.977493581197688,2.973013194955682e-07
0.07709435564032563,1.529078684205019,0.000998808678273211,0.003875250067229445,28.62974294972365,3.275807630216971e-07
0.07090424171533986,1.1786911243404397,0.0009889198465604634,0.010563798574316781,18.502731975774488,4.555669373309658e-07
0.07797256136156368,1.563578669205156,0.0010054294869538622,0.001420610585047463,21.092754689701852,3.461879136147449e-07
0.0624011094366228,1.3783175039130615,0.001002136326645172,0.007960427634349091,25.941572679374488,3.975376692274487e-07
0.066667665871355,1.5692863763732838,0.0010293023551823002,0.0006886205838472314,11.974406574290906,8.178664683456285e-07
0.06300864049533968,1.4596406634294545,0.0009919876526609268,0.004704870705685982,13.214854784251603,4.758652020424237e-07
0.05735805972444748,1.2494808800160322,0.0010106296545808811,0.0067502948145648145,21.702637508790698,2.3169307978171504e-07
0.06674429518748623,1.198176316921432,0.0009952102657748208,0.008554089803178696,20.730421335997452,2.8009596743953996e-07
0.059786822018293315,1.3667842862163362,0.0010094057749207366,0.008596091180344566,23.6586485153691,4.952675307190948e-07
0.07986179378019125,1.4747268895231402,0.0010100947437504668,0.00575401015322108,14.47095526807409,5.85797033734238e-07
0.04509551042704258,1.3713431679056458,0.0010171522374386574,0.005134017886134917,18.248860948743964,3.2295953430072674e-07
0.07143521949982835,1.4667196686735802,0.0010066599718257273,0.003428106600622333,14.689255922764898,2.2184004623560268e-07
0.09125975238817391,1.4801905068587835,0.000984806070835914,0.007688316321826185,29.76417828379438,4.939518383762663e-07
0.07271297093855689,1.4472415276646429,0.0009983374120538199,0.005366724682159217,16.950906527272274,3.758735218910986e-07
0.07766021178071272,1.2125387257673033,0.0009955464202177707,0.013625969176295289,27.989471646759082,4.658311863626776e-07
0.06730584960528938,1.4668681329820434,0.001000171058323388,0.005377068066069182,23.987856867365416,3.462955527494354e-07
0.07235829573533711,1.5679892541058407,0.0010117761809176513,0.0010948579351289151,23.264718579959407,5.198829657212957e-07
0.07565599715205426,1.5003481395188967,0.0009987517270996112,0.005344951519108481,11.67797922399162,8.866491641324551e-07
0.05892952795808791,1.467604749064848,0.0010040059320541297,0.003555645271657916,11.507104899833308,3.658394271067877e-07
0.07442313899932237,1.528204924783197,0.0009911312349092135,0.004041873759884595,24.000888657529288,4.23402583980441e-07
0.07356019776262897,1.4213646948864844,0.0010059327938111353,0.004747486876426953,12.818584400879821,3.232145562347876e-07
0.07044899047381552,1.5131421052544443,0.0010135876997507706,0.004472855960658314,18.85708601480329,5.329316471609569e-07
0.064667729874015,1.5136542369200419,0.0010054392839447953,0.006777782937109573,27.956095828538974,8.707153762679725e-07
0.07507910005203608,1.5202825113785368,0.0010031085161561364,0.0034811071234803442,19.247355392798454,3.2906766578698606e-07
0.07654464258042881,1.4253923146871885,0.0009997857039575897,0.005855574920866897,16.00724118334132,3.6887762906409417e-07
0.09529040910828854,1.5233782230408583,0.0010007437381092082,0.005528392524030124,18.64729473334774,7.511462882284158e-07
0.08939783214487187,1.5238598805272199,0.0010191864232882426,0.002713534495073263,10.134870022984712,3.570269935182238e-07
0.07664165737231655,1.2048856544332707,0.0010054073888686964,0.012550640428461464,15.08668939788556,7.602498181002202e-07
0.07803537321274179,1.5102952568102466,0.0010130344189966068,0.0045729327917846205,11.980188644648253,7.698580594303742e-07
0.06404159524258325,1.1425668650556566,0.0010084700060473126,0.01022736006468444,25.508355265065532,3.0908632404062765e-07
0.08324860637639815,1.540809225542245,0.0010026453026480294,0.0034889354954977677,25.99857510840573,3.685956570587328e-07
0.0715695556376043,1.4904676604233391,0.001003240646514381,0.007168402603856962,21.655043837054514,8.302887665321071e-07
0.057219445804441424,1.301589706852863,0.0010073986743236707,0.008093819869302852,10.013910266897115,8.854791601156802e-07
0.08618268660990995,1.4517684377868574,0.001003447711810576,0.004502789573684492,13.08637195370263,3.024703395198516e-07
0.06831445602708484,1.4940201941260516,0.0009982120881642162,0.0059357516611723525,27.610939517139204,4.7005594101532516e-07
0.0639962173189194,1.5356166737974049,0.000992048345050842,0.003439730685294435,12.394019212965608,8.642544458857651e-07
0.06508552226435663,1.384716873355131,0.0010000602288022734,0.007192580770461368,28.139394496045632,3.0282168337468537e-07
0.07861065701075523,1.4045316473844467,0.0010048410912561162,0.00676539269125804,15.921520081996361,4.457184735633984e-07
0.06803507994498374,1.4319760078775194,0.0009997270843719482,0.00396356804083788,11.432519590519771,2.9556756664734726e-07
0.08310682006248195,1.2540926623826951,0.0010097457112992867,0.011717639755807084,12.969872746946738,8.089022781875185e-07
0.07676751070416579,1.4882636366235094,0.0009996098502493109,0.007888074742073127,26.745071171100882,7.471626295752288e-07
0.08062282374537341,1.5532091952244986,0.0010029497487511428,0.0033660477619509048,27.359407251291085,5.612581380459108e-07
0.07800131862219778,1.3904432880843942,0.0010093548160439625,0.0117900814517195,27.37045825654611,7.279229921510096e-07
0.06843110507072683,1.4430300485269072,0.0010019402362455767,0.009669638634944452,27.398255116462394,7.790934811044648e-07
0.08655528576938291,1.1978081367837867,0.0009945115486603609,0.008385604096283856,13.516088111707758,3.249698073836138e-07
0.06010512802897089,1.2581493225347802,0.0010026766952891824,0.008851826205893719,14.817710791290295,5.75804680959171e-07
0.07149015027050314,1.3018259937412513,0.0009954489413864125,0.006939750837281871,22.651606327383952,2.2057946486966455e-07
0.06873594345056641,1.5248999677530002,0.0010042324418944072,0.003378200425382363,15.5067949098727,4.6269861817284115e-07
0.06712119855195593,1.5306685098009145,0.0009896968375103803,0.0052881207659539724,27.396695014275533,7.702820291729785e-07
0.07149248217462484,1.4847641245147578,0.0009889926443450512,0.0038438148573398403,10.520451161723084,4.426962967391943e-07
0.07012389408335173,1.5470039975265657,0.000999756467878182,0.0045575111718443645,29.918149085685616,8.119493164688613e-07
0.07571081421416516,1.4087791661262345,0.0010055672924231477,0.010529088806774103,21.49952237372373,8.621757599330621e-07
0.0839664696082981,1.3884202468902167,0.0010123499573558438,0.006156954865518343,19.118402578326876,2.6342764214172295e-07
0.07855795165344027,1.5245575736626096,0.0009902526702726328,0.004218558026660596,20.665935054030328,4.718102686230014e-07
0.07990057164676363,1.5528329467753912,0.0009950022439853777,0.0017903729003302473,13.332516023748418,3.3991568489969585e-07
0.07960063093340158,1.4430700833743608,0.0010084728970286602,0.006493075809978761,16.220175110366725,5.139871263697958e-07
0.06409302001432717,1.371805438335053,0.001001584446918938,0.010706905682616561,23.35429448939929,7.973967430314282e-07
0.09614642206319711,1.204989766768185,0.0009927563340986585,0.0190089874303445,27.897220345848357,7.42923923848365e-07
0.07819820194313314,1.47759433775784,0.0009996457782718766,0.008955512005582963,27.90383716636821,7.659734852625499e-07
0.05143506692975339,1.4788236347566346,0.0010103158741723505,0.006734449791618671,24.559853770126317,8.009527155607407e-07
0.06896465326013435,1.2933521555023775,0.0009920119338727813,0.01195301589601552,17.878958789812053,8.419135387139631e-07
0.07140168771373498,1.5172883292938215,0.0009969213239956394,0.004505977271285173,25.616930344341014,4.147494845958957e-07
0.08295531758195411,1.4917193256374812,0.0009827500860364858,0.00418879784966848,19.90664565865686,2.605226696173931e-07
0.05497517016672884,1.5633188193813121,0.0010104906829446088,0.0014327527071726076,24.834171820128873,4.1006916241927384e-07
0.07989791535526872,1.3453804787710781,0.0009953288716762012,0.01369873442797311,28.642113505697,7.24362188093783e-07
0.06932313671376734,1.2532544139749426,0.0010036075012861574,0.008455710754956922,23.98954286520894,2.8103967904145393e-07
0.07388804057973926,1.5031106428909589,0.0009987241802924072,0.002962131193816347,11.006464633451321,3.2574468718722585e-07
0.09089049507372587,1.5139288192530997,0.0010086821445670169,0.005049668487953353,22.61362733517025,4.442301625664869e-07
0.06603186863518132,1.4739487596687444,0.0009936222907202007,0.00350351476658324,16.058936922897132,2.3173166896264695e-07
0.061246781783590824,1.4558355381263317,0.0010027411010793271,0.008397811346746503,25.688513793341343,7.680616661648442e-07
0.06845209156634784,1.504882338217537,0.0010118168633293713,0.006286101468942911,23.795563854100372,7.60620918658658e-07
0.07679857470663962,1.5225636870769712,0.0009938936582020135,0.0032205238737603083,19.11346126346687,2.8997055748716963e-07
0.0736384501193306,1.280949393902178,0.0009908113059636503,0.013293144255461013,18.660691527589623,8.861511203827052e-07
0.07150879003027798,1.5124766812808734,0.0010091874859220775,0.004570800762021069,11.976342327637067,8.3340131159165e-07
0.08625300005905076,1.5148655407893952,0.0009900595605482434,0.0037250560628962525,27.033012857505724,2.1333354254714305e-07
0.07150605287513138,1.565474237114806,0.0009915929993181928,0.0013863112799621636,12.371671881886346,7.949636843261344e-07
0.06085404328707674,1.5135235608571544,0.0010092556157589242,0.00515867729661768,21.241470839963945,7.354333892766545e-07
0.06786997873573765,1.3723842768088639,0.001013593713194304,0.008705251108525155,20.288425488582998,5.486762851964883e-07
0.07464408459624045,1.4238066733976482,0.000998304097305886,0.006190464413119767,12.555812062856866,5.463475758216426e-07
0.050528383751903216,1.5680785643111204,0.0009990331854868697,0.0010538427971579973,26.699427832988857,6.124517960137733e-07
0.0772565026461877,1.538899298487643,0.0009858539436346863,0.00505616360965812,26.674132145027226,7.452567272380535e-07
0.0773466335020568,1.5504731549671233,0.0010092031842578232,0.0024426713031830655,20.220177009953588,3.783073840422546e-07
0.07622112436142255,1.4880260786884039,0.0009986965964258545,0.00528303370732051,23.246527866057427,3.70373942995277e-07
0.07098099191819421,1.4716032061648932,0.001000200133104459,0.008588772028443815,28.04115089610322,7.614779675834529e-07
0.07173690076363579,1.557585522363364,0.0010038854586703711,0.0029190257624840013,29.26307593166866,5.894819299286022e-07
0.08693418683568832,1.5119940345180998,0.001017385026504417,0.0038966799129893067,16.96610055481503,3.5415091017865306e-07
0.07641826746805419,1.5371415170806664,0.0009988555428614644,0.0024541180335196705,13.783142572860195,3.377957133983181e-07
0.06984850123221963,1.407813818896584,0.0010062914018620112,0.009572566036612858,26.777457010965694,5.97630015360114e-07
0.06824721653715593,1.5166480698436426,0.0010091320491793928,0.0036736318165545025,23.549804860072044,3.146384286830204e-07
0.07424289333441986,1.479111077973855,0.000985458683653134,0.004835595843850621,15.339104872961824,4.5342113374581084e-07
0.06971499298487771,1.3365663526616522,0.0010166286895629151,0.00983712393491382,21.108537323746646,5.763207120895434e-07
0.06604050271672189,1.3856473884928737,0.001010086442354122,0.009208471980901516,20.51741096363051,7.040752741949083e-07
0.06295791378282668,1.0727121212741486,0.0010034916876991372,0.014316833056025316,21.216636990403202,6.642660025974845e-07
0.08094619660989913,1.47675793946145,0.001011757159131612,0.005894325966023138,11.85258933147959,7.797960613605848e-07
0.08206253573599327,1.3976269792726657,0.000987086258598279,0.008645970802585086,18.648071436509937,5.518377305382778e-07
0.07722203810452352,1.4960654349329836,0.0009893216956348592,0.0023853678117922985,10.022967075726736,1.9421582177243384e-07
0.05601134364752612,1.4467292281095276,0.001009042529835429,0.005315984962454421,23.6091812174253,3.4517618967415984e-07
0.06225823629170694,1.3774870365153078,0.0009955666521898848,0.0067622013657177345,10.03154813517243,7.69313686272661e-07
0.07867444080203398,1.3127391634155783,0.0010073989451465642,0.008968633397011953,25.266760852478996,3.2790057588859303e-07
0.08375649158400578,1.4609706542085443,0.0010099644712907804,0.006469728196845088,28.48284948278832,3.2158409328403823e-07
0.056911641775082775,1.4239275066809571,0.001001490833160038,0.008648311236553253,20.4602200463343,8.786670019480591e-07
0.06899076775113715,1.5514718447955647,0.0010034712537469487,0.0012896678273378705,11.025733894350475,2.3017580857840672e-07
0.0659462565291519,1.4470731550504141,0.0010045833094202818,0.007996020694641266,19.328344140993167,8.205626135915556e-07
0.06268999565654661,1.5303415850166595,0.0010098947903528365,0.002454789997722286,13.655331278427624,3.60241589299291e-07
0.08118227980689943,1.494608211673542,0.0009992065655995148,0.004005208542666107,16.290267225053636,3.1837871716356246e-07
0.08490074199482213,1.3300408406234718,0.0010095481384883637,0.009724531318815118,10.858914871019948,8.659593212700858e-07
0.07564597310972578,1.4989256624353888,0.0009857928559238263,0.004564919702345676,20.57831822979942,3.6470569378870836e-07
0.09585984773005747,1.491061125326796,0.0010009243384062028,0.0045900378983654115,18.013539526937905,3.078443855715927e-07
0.07297656053638088,1.4636589673486906,0.000999274848362078,0.00556396642064783,11.01186320842382,7.339676375331621e-07
0.08326460815742595,1.5000135239904384,0.0010151936382114984,0.006187698765974659,16.631354591954725,8.343526051606491e-07
0.07279666398445775,1.472335335292813,0.0010038206352628773,0.0033780084685896073,11.259735981186338,2.7841000467618855e-07
0.06560163754620761,1.4465192586430062,0.0009956797544670945,0.010011931581829336,27.818500060312644,8.821627631391402e-07
0.06859505088827003,1.5262543727424989,0.0009890726890844797,0.0032413627772151943,21.393591246000405,3.1921286774306366e-07
0.06050179575635932,1.4819816596619568,0.001011614846667844,0.004204962438486486,21.325743858421568,3.098629563708414e-07
0.06629702378496559,1.5506952847744637,0.0010034153321980112,0.0033858634036453257,21.2298301510444,8.264755515400926e-07
0.09662521462830082,1.4189717732595877,0.001009437648316418,0.010675579128649838,25.88460448846865,6.02157970605616e-07
0.0807190686048046,1.4327432144761896,0.0010019976755033016,0.0087786236982644,16.787329375720475,8.325848354223728e-07
0.07299893150765241,1.4753447735566312,0.0009993370604449185,0.006713666495614979,15.264561046575247,8.65442114379727e-07
0.0682547219818971,1.4423462996204113,0.0009765511267852498,0.008641175743206424,29.579704437497355,5.644367690380847e-07
0.07692368557633714,1.4963006624544137,0.0010022548060468258,0.004702129541523178,16.82310340396717,4.624590342193041e-07
0.0680519186254813,1.4932148638458853,0.0010222141107896934,0.0053683768662490475,25.793479107128455,4.3130563460538356e-07
0.08730282938810616,1.3883397604445646,0.0009883883438226468,0.009872200998828375,25.868232226257568,4.723671296548504e-07
0.07538678623025984,1.2727608819699037,0.0010024364928179334,0.011499757486341659,14.006930422600641,8.636023068624021e-07
0.08888112779098928,1.5455427370070527,0.0010161325813553322,0.004324077749182485,26.40663787829379,6.395192205450638e-07
0.07958410860095742,1.5642983803691999,0.0009964608520616736,0.0014212608968883745,15.970182939393151,4.870614904522985e-07
0.08441687569340188,1.5352470359565369,0.0009935503370096686,0.002995685890288201,10.50467381203118,5.692687514111417e-07
0.08059571196443681,1.4498590659811799,0.0009719051839942862,0.008747577954490778,27.9435088542107,5.339203199832543e-07
0.07095440519442199,1.447903103168256,0.0009957031397394875,0.005559940720694219,17.524260571683094,4.176548648972565e-07
0.06452970664615336,1.324886112280328,0.001003560551202083,0.006468509685151884,10.13106299344427,5.430034326695e-07
0.07456451328208495,1.3350790768464582,0.0010003699790869598,0.005915644624338475,10.800498798187759,3.731184514524907e-07
0.05708440501452404,1.5116927682845296,0.0010005480231787536,0.005475278497946794,26.804425478347962,6.655027906102677e-07
0.07209869214907262,1.539556958411724,0.0009983132406557367,0.0031474428490024984,24.93374460453465,3.471190702623349e-07
0.07496194178181566,1.5686991352025337,0.0009928347137931114,0.0005909720160891769,17.927876089469464,2.487261719127694e-07
0.07694914916474448,1.3298962514074495,0.0009873607273448736,0.007267516874060955,17.05229681480599,3.4451272329841165e-07
0.07333955122846404,1.4697034027215654,0.0010004813753182761,0.009150713628727757,27.240898360122404,8.104079428131356e-07
0.07712145174380643,1.5234345835911547,0.0009789789137819166,0.0067790024522873344,28.961260276281717,8.629231372298e-07
0.07278816102357831,1.5404552350949974,0.0010147116409611392,0.0032197241474328717,24.541244486603986,3.867609720335327e-07
0.04816153077332169,1.5638182510775196,0.0010095639616151055,0.0012165316171693055,20.316756224458096,4.3870455977325643e-07
0.07592777867813363,1.427457472304246,0.0009996618126012753,0.00488876829290504,13.512576730751476,3.2750468079948107e-07
0.06959872632730257,1.376336180496449,0.0010019050966391142,0.004560758681214133,12.396227157514065,2.605360100950673e-07
0.06129133980482607,1.3551791408606089,0.0010045551712847315,0.007914595297908396,12.322857095242213,7.745458700226743e-07
0.061623084337421474,1.2893308760635467,0.0009829792470685754,0.009237240034725511,11.383500379026927,8.511268044957942e-07
0.06215219995249412,1.5660471251817343,0.001000156261797947,0.001225141412696183,28.528374093734165,3.703899663401895e-07
0.0749263923846592,1.1612592579636871,0.001021782742223481,0.009226001620066294,12.504755619292352,4.680932056511529e-07
0.07924313748944678,1.4275008707186791,0.0009799558288469282,0.01131673559194455,24.337884748932957,8.958576088777667e-07
0.07740132566756824,1.4992994952284582,0.0009929802165347106,0.0035155989805191598,12.019737031486486,3.704851144832144e-07
0.05684500709117996,1.4104809393952404,0.0010034096579806982,0.007211429872160431,14.29155879673879,7.882752213898304e-07
0.09924806043997378,1.4418378731178452,0.0010021517073890065,0.00518145346966537,19.88968792317076,2.1155051921028547e-07
0.06562625803519477,1.474339286815538,0.0009923369894397805,0.0051105284469224735,28.839195286931382,2.8109936416482914e-07
0.06129091471414386,1.5390130093497585,0.00099700656253808,0.004028302746742447,20.347954576603932,8.101899826920929e-07
0.07081500875971837,1.4701421021979186,0.0010105350161768265,0.003612832791392623,15.860473479475065,2.3247099592456005e-07
0.07306721762287012,1.4993935306413393,0.0009949774778063697,0.007480778750610159,24.391119332873437,8.682088709483782e-07
0.0705305760216228,1.489763952297078,0.0009959602088400225,0.004389623831864826,21.242947905620326,3.1541933751051367e-07
0.059282826680308785,1.3754101787007307,0.0009797383495926545,0.009092071834151397,16.002636342918503,8.706372775578509e-07
0.054821378620806646,1.4692136695883067,0.0010138242152514315,0.00671566809662483,20.48076055723604,8.06503928744846e-07
0.07127049005463125,1.3877453934996982,0.0010187932195333184,0.007150886519063281,15.883203414899384,5.043490190765164e-07
0.08977713001273538,1.4239739068565422,0.001005911461416377,0.005668835099450089,16.018995404700682,3.019453836354351e-07
0.0757699806420838,1.4679445928227712,0.0010001248184019023,0.009309425985453586,24.951686940356836,8.846171241275776e-07
0.07350080434526166,1.3437370500683967,0.0010117933084472998,0.006424307050021249,16.757458986530686,3.006319705868476e-07
0.08212388448457184,1.4618643421434827,0.0010026638353520447,0.010700029365330068,29.508975980969353,8.680737427483326e-07
0.07981935051640142,1.3227309347759018,0.0010117828079079377,0.014528974413868022,27.185194940900065,7.909316128552531e-07
0.07018602371318629,1.4654524469353867,0.001013464463756103,0.005583246595453928,14.092273177222744,6.103278944678709e-07
0.06859022715104346,1.2260245165958454,0.0009904360382887937,0.008960417825229354,19.557304066059988,3.5914307470727495e-07
0.07709255933404224,1.4158573841655302,0.000990518455079745,0.005387320077344941,16.32956818982111,2.947342144408383e-07
0.06945346396689314,1.5110510266005925,0.0010129465078047208,0.003612190301845599,22.949449577515082,2.862510590961484e-07
0.06556466690849982,1.4514205610562492,0.0010108252242179057,0.004344090533511441,14.700015787476362,3.3956750640014913e-07
0.07234012789354739,1.5011182895150412,0.0009816121375633138,0.005159706375007235,17.297049857192192,6.153024643882224e-07
0.06758204310219769,1.3933387309325231,0.00099771183540179,0.0076804192182873,19.175428868455477,5.013818145702103e-07
0.0674001078826836,1.523974460261055,0.0009956646143515072,0.0033653231660648454,20.358477768266354,3.5088692447635936e-07
0.07138602998956486,1.2122130913532776,0.001003513582940641,0.013988156096747315,22.772293336907936,7.004028584892714e-07
0.0794723421123737,1.5062995591364645,0.0010122333114056118,0.004622270861235905,29.00715612098566,2.931356240522924e-07
0.08532086883948557,1.474187536135521,0.0009873039273901208,0.0054698452105387905,25.726877549321255,2.811799967265042e-07
0.06230779238825342,1.4705468477834838,0.001006227897984514,0.00642968638875405,15.98147745248184,8.510670358363816e-07
0.07082236729040015,1.4158501395359986,0.000982602530305721,0.008764416626470026,19.144114711964853,7.250251691819262e-07
0.07367794907364673,1.547686955366126,0.0009839907026259868,0.003957621065871612,26.144871017426123,7.086118563178017e-07
0.0667303658381893,1.4560508494337012,0.001015991176954259,0.004342091701079262,20.77453004661723,2.3592353558658373e-07
0.07385758532021881,1.4537414146815986,0.0009903966591737726,0.0062186115813355385,17.968213374939882,4.896919843259701e-07
0.07261411506495445,1.453353952616583,0.001007491253670626,0.0063155717254839054,18.731197682606798,5.028411306799997e-07
0.058314103556970795,1.3315922635706043,0.001007292183998342,0.011094384183690542,29.145785403504824,6.029231624768917e-07
0.05541384532707873,1.5423757389188042,0.0009995500879719844,0.002641429464873727,17.49004763315172,5.110259462627536e-07
0.06030203168444246,1.482404762686308,0.0009987635621878119,0.005094594548615965,13.035439134800374,7.670066565719946e-07
0.07598032334357778,1.3086741191531694,0.0009989490639172138,0.005665370740389967,10.877221031566737,2.989260860755975e-07
0.07871770349139402,1.2787041032361732,0.0010051194074223425,0.013482906055525087,23.19434539468758,7.151273415743847e-07
0.06030117606994028,1.4669605200374716,0.0010040022388933484,0.00411928325766507,17.604522813478855,3.187499644486494e-07
0.06341402112874274,1.5321247953427335,0.001012006670145392,0.003721292311357208,29.452986614491717,3.9325301082108295e-07
0.08640494124153428,1.5286440372757406,0.0010034989101148591,0.005034069934671374,27.4805519027826,5.192048707748783e-07
0.09145675616335548,1.4699069111312175,0.001003337945864624,0.00779546225581663,22.724700787531752,5.827038476045765e-07
0.07602231482871637,1.506848255843843,0.0009988433618372376,0.004231936703914482,12.984330523331806,5.713150877640167e-07
0.0811747406073107,1.4099071446764146,0.0010065398834333817,0.006752560433650215,22.45736176696874,3.164249780777244e-07
0.08486960302964439,1.5392674941639632,0.0010048727032958378,0.0023955538586285935,12.121638820473269,3.6357482236673116e-07
0.08588712087634265,1.4260966503167045,0.0010115929286346617,0.0061326061426530635,11.773272602946655,5.276638275582529e-07
0.05893645891348835,1.5145249369228675,0.0009931713176095822,0.003166173521118939,18.81542606814879,3.1254320002390235e-07
0.093182610075806,1.3798892592149146,0.001000483272019436,0.012086833970226477,28.47138161146653,5.868376026407637e-07
0.0829938740449026,1.5293168008929896,0.0010057693245891567,0.0030827511643223603,16.364661163022316,3.549545699487996e-07
0.0711883887660526,1.5000743685633893,0.0009888131968640865,0.00768828239688763,27.840356395877343,8.326721381127279e-07
0.06783835772362373,1.4742198380864182,0.000986390796703931,0.008417745316533656,29.365326835553244,7.334681787017668e-07
0.07121495289235895,1.5517483348269212,0.0009819556828181734,0.0036696229903516496,27.9420790503695,7.111069790795011e-07
0.08885636480788574,1.3704610625793856,0.0009983024669374186,0.008648259602446903,17.43740164890017,4.915536536825918e-07
0.07856837458513392,1.2955524264787583,0.0009843397624141872,0.011967811523085398,17.658498102824442,7.438521656012102e-07
0.07241605302495054,1.5481661470676589,0.0010079896342640492,0.002531705755893193,11.147253701837636,7.172113750703213e-07
0.09312444877021428,1.185197030051925,0.0009839529899783213,0.009973740415560789,11.737208361238686,4.7371127083907033e-07
0.047838315685000105,1.3330593440278273,0.001005033779427086,0.005687323718883868,22.981992670084598,2.5007608954180984e-07
0.06662137745653131,1.5386055885764764,0.0009902206780494332,0.0023939245573885133,20.85718729520922,2.533495188874188e-07
0.06537792481573348,1.5392344552094583,0.0009951691574515023,0.002557786603490472,10.894026151328655,5.594376967708698e-07
0.07569250961539842,1.4934779873909707,0.0010066928738155575,0.0051340273437171105,29.808918199277453,3.0651123618843825e-07
0.07481441900421927,1.552673511409107,0.0010050745548669208,0.0024925242056910804,10.748473635955824,8.660468255102794e-07
0.07440847556982755,1.4445892637427915,0.0009989338580497211,0.006652817820834952,29.924227272399797,3.2025177729223697e-07
0.07922683284368941,1.5015111499322216,0.0010006754494000408,0.006074712545907141,15.175841097953427,8.910319298693449e-07
0.05439226841332711,1.5163492878643001,0.000990967767677251,0.0038024144471448832,22.483297087272057,4.251988713914829e-07
0.06940655483724759,1.551543362483788,0.0009941929643308162,0.0021368530108562336,26.83053283182534,2.541947984980825e-07
0.08561576744094143,1.5574233569910836,0.001001855448464404,0.0023923288139974914,18.437266195802415,5.584259907871477e-07
0.08129822526126765,1.3407844877483546,0.000997962666178726,0.012539883001589609,20.056772474051023,8.612017342595799e-07
0.06390556433664589,1.524241420575575,0.0010014826241852735,0.004452019322793703,15.49824693032784,8.768872374089572e-07
0.07361953474013633,1.533950154530597,0.0010004861877111466,0.0027353645881771863,18.597205019647557,2.9968162321861794e-07
0.08658275028523715,1.3096987649725063,0.0009929676565498843,0.007501731377759115,18.5959300860143,2.8165932189143433e-07
0.07348328077597588,1.1228076466901185,0.0010115623198828376,0.01770995719324234,25.579296638825248,7.801620569103075e-07
0.07144518006913067,1.3296434282480074,0.0009990868621236766,0.005042546692436835,11.771235054228221,2.5468700955001355e-07
0.09094383760457425,1.4796036808337298,0.000985552383858409,0.006413290269181784,20.584490790852108,4.7574152779970385e-07
0.06683448202874766,1.3457075724178613,0.000989102960756139,0.009867587734437515,16.265291133314097,8.11480821489939e-07
0.0764136071269591,1.4694938769227281,0.0009896163848521695,0.009317688146104083,28.324430559193786,7.854922340710027e-07
0.0672604032299197,1.5573188610294972,0.0009798609180373251,0.002067988851492274,17.294425933391366,5.377722060880646e-07
0.055899047146186626,1.4679400314788211,0.0010026762030618311,0.006879095621196493,20.037456509374575,7.992896240532408e-07
0.08473009580048971,1.4458921280507642,0.0009847504500590275,0.009132508585597186,20.59610868907554,7.533158224699862e-07
0.0723921679489572,1.4841680468131684,0.0010040166098062462,0.00487914491187962,15.87610972365382,4.904435805360157e-07
0.07450236166485981,1.4945178586498329,0.0010074109904534482,0.004483436063358928,13.639051802081292,5.116848856317792e-07
0.0893548376519564,1.5090086211394096,0.0009881475850683809,0.005016053830439005,14.388063658327354,6.156810291186744e-07
0.07210556790918425,1.4991723701369897,0.0009925483764490694,0.004238011211286168,21.76462535267883,3.193829532425035e-07
0.057325313982600136,1.5072019122734568,0.0009894067782711651,0.004039751890515675,14.788160443059828,5.94547739982415e-07
0.08813550657843018,1.5411610671042542,0.000994503988111662,0.005831200179259563,29.70831836458901,8.637462360991322e-07
0.08126398070343967,1.4269780023824965,0.000991950422564543,0.00967429997135531,17.324546708106702,8.918599471101926e-07
0.07400542737947848,1.5702689389745161,0.0010137201891358863,0.0004972575080093505,27.573526491910137,4.667185166647237e-07
0.057028291319301094,1.3653202642964355,0.0010043397175094556,0.008956665913288827,27.97820018695943,5.097742570487823e-07
0.07444153026327013,1.376132449668574,0.0010228429043601904,0.00574139528108106,15.131247744085737,3.1140966498737985e-07
0.07638697756432433,1.2776536292850187,0.0009978592671815493,0.012837803076085393,18.941831594286427,7.720929992681886e-07
0.08082875611479401,1.461056329690426,0.0009998386651574869,0.007029683828514616,15.10593326243578,7.308079329062444e-07
0.06337548084564827,1.529982389046569,0.0010096517164938186,0.0026182911307739494,18.203701193218265,2.8948727209041286e-07
0.10343916862150329,1.5041199393180527,0.0009922740703541867,0.005782133739776342,25.80365091583891,3.716424918714147e-07
0.07862512368468155,1.3419205035825275,0.0009946702199836286,0.012505651571252793,22.05199099925629,7.864440133172006e-07
0.07660873163391493,1.2406296470030775,0.0010060696397563183,0.011173524974513554,26.898574671215854,3.57155273039118e-07
0.0655488434816888,1.4958007145644419,0.0009841756137871633,0.006578654165351842,24.05093053774987,7.108846411448429e-07
0.061063893637963544,1.567538014748385,0.0009751943829616635,0.0013241793100670426,20.412868267371003,8.377600550655276e-07
0.07640937512032514,1.2953958239202372,0.0010033791156170227,0.00915161958657868,18.531263334653115,4.3266900585054264e-07
0.0579467434130231,1.5191817562302143,0.0010231664067313574,0.003379141509682094,15.155313182690804,5.176479465568132e-07
0.06227550737403939,1.5205335968713052,0.0010052665124343579,0.004030109621202,28.4234069608383,3.6394337634125796e-07
0.06788849216965506,1.4659872683075614,0.001007660407854602,0.0041336822920361085,20.17274489444863,2.387548006385764e-07
0.06530598517971056,1.4172861241357257,0.0009926106066664518,0.007519762778585139,13.532995532470373,8.0588633777225e-07
0.04609823928021416,1.562215326412121,0.0009865562958486418,0.0012764021929615526,25.02256956265027,3.284792471424996e-07
0.07175729106490389,1.4404974733470908,0.0009952593211122295,0.006928056315038443,14.42648698796843,7.187393126401978e-07
0.07988866651096968,1.3659295628399895,0.0010038253133992298,0.009756480432674427,20.941205831353617,5.488366517472678e-07
0.0706295309755781,1.4922229199914465,0.0010050155306766905,0.005117792023032886,17.584039728064184,5.240141305627966e-07
0.08367512430171414,1.2925759769672995,0.0010067170773010291,0.015059561530046011,22.086371914565436,8.91364283204032e-07
0.07029428592676769,1.4489592518454781,0.001007178890616292,0.009691786102083612,25.733894030481665,8.51097547584881e-07
0.08515896953784141,1.5184030276250085,0.0009962264944986656,0.0029013945911777607,12.235878494905617,3.072639081754853e-07
0.07313039513849172,1.5541259835249415,0.0009952841476726074,0.0022338652726104982,27.63278365228808,2.9734475448185e-07
0.06870734432172679,1.545072420652985,0.0010032204008151868,0.0024059164525638047,15.449821556614324,4.2318043837133714e-07
0.08273516456828348,1.4939388512642384,0.000998849122967459,0.006674433459434623,21.22709342394947,6.382135609481134e-07
0.07606091447310952,1.4541680811175115,0.001011277582706309,0.007443579433547967,22.76572763781496,5.533702195457898e-07
0.0733882786702415,1.1490278096355881,0.0010080314008921749,0.013856104352907413,23.644187830535294,5.333272030642275e-07
0.07976063242077705,1.4415909886189497,0.0010133535085128645,0.0077123166864250916,13.33086218409723,8.918916010935787e-07
0.055524625067202474,1.3586091394386162,0.0010030870865245815,0.007117411685990962,10.700446553092851,8.141808533924276e-07
0.07904313969589502,1.521497510670764,0.001002630204313678,0.006600699071256376,27.407817963062598,8.228680126006949e-07
0.06388799410895746,1.4301557300399341,0.0010309118872125983,0.00418729499911465,26.12989858059231,1.5629587175365066e-07
0.06670738218419958,1.509552981231928,0.0010088687238167288,0.007235540112237182,29.559707135462407,8.776733755366938e-07
0.07368131083879571,1.523784561047411,0.0010034246911258763,0.005362360654466707,21.01578575218788,8.04060349447925e-07
0.0785066980363655,1.3443275001313666,0.0009922423852717363,0.009942994649792682,23.192717622716664,4.7110307223418015e-07
0.0693426885593004,1.186864833776845,0.000980220820894676,0.01117346146054781,16.71616657909132,5.597601929550198e-07
0.08321987747640892,1.5628624059676084,0.000998782757978165,0.0014381151384808071,19.80391494925346,3.09334627465361e-07
0.043428402946234165,1.5498660342295634,0.0010026560138343425,0.001874458533682942,22.918781721443732,3.4493720471515917e-07
0.06745981980208057,1.3310885479225787,0.0009938983770252988,0.009692656362329848,22.048541534420128,5.314550088655313e-07
0.07295957932965882,1.3784464960063396,0.0010027453818162227,0.009589048496900454,25.05525428159718,5.229462701770824e-07
0.07916600791682586,1.5292707901305307,0.0010027199469478804,0.0027940100083312974,13.57671713583115,3.435741133524392e-07
0.07512292770630266,1.5662342298245913,0.0010026632139063484,0.0008108028906300612,12.236443293805653,3.092373959338699e-07
0.08256085885922286,1.562717784918199,0.0010013912640492078,0.0016918716082896395,15.553509111084267,5.56587526763043e-07
0.07302617714894366,1.4986062778651408,0.0009749987195221199,0.00420996792355431,17.73356408381506,3.568106801990565e-07
0.08310060362935634,1.3087677297530682,0.001003201493430842,0.011681670083027297,14.646128334267809,8.872445302211088e-07
0.07707076687533282,1.4779805038462293,0.0010030334405911041,0.004071900102897791,15.233315919805438,3.0970841067367303e-07
0.06697261724026965,1.5500291343431944,0.00099437466227863,0.003961680483308287,26.382009134278444,8.5615051704394e-07
0.0743426946184162,1.475590372490223,0.001000676556788829,0.005498184562665581,12.378139667966806,6.877545671810633e-07
0.07652465877087303,1.4391615219892901,0.00098733183610839,0.0068128173039703616,27.229554127334033,3.274763434586989e-07
0.08880606777723085,1.3440756139863028,0.0010053977107116775,0.011471373110028845,28.29716997731182,4.724196078080292e-07
0.07651340320962594,1.4966964272358043,0.000994233636594354,0.005023713313078879,17.290807530432353,5.21693252237404e-07
0.07526424670831505,1.4877064694430189,0.0010025702956993102,0.004725547944472603,21.984085135211615,3.198696672621654e-07
0.06769962943416417,1.397955314688525,0.0010144813731928688,0.010085254446298314,24.852321564019114,7.286919285253125e-07
0.08375178960477704,1.3896723522514767,0.0010013048451710826,0.006275055941449251,10.867446826302809,4.6833179290140976e-07
0.06752155150764472,1.3081982538269723,0.0009942010812176798,0.007987949607009062,18.9799568260715,3.77181306544606e-07
0.07906435828597554,1.453548595951271,0.0009995008810075345,0.008856811422870547,28.19872663286572,5.97757132143619e-07
0.06544741569768311,1.445096684636153,0.000990405422040929,0.0074118286087356,27.31612691146172,4.759836346044865e-07
0.08504720320896962,1.5466574953699552,0.001013131633152374,0.0027989454013869026,29.619812351662173,2.5999739485795313e-07
0.062494074916342145,1.522338095341072,0.0009947978779669962,0.004021372202675349,22.50593138262367,4.842692614827049e-07
0.07106447343986652,1.441898243415846,0.0010023902899674976,0.006657355731233296,24.80067941753564,3.8457793442000795e-07
0.07165828506331132,1.303051279056117,0.0010031449664386983,0.008496943294341475,24.070251430461017,3.1940806340749886e-07
0.056652725508419,1.4771009301758071,0.0009993235242968235,0.004174935236753147,26.477230140746673,2.5408094328234106e-07
0.07961101823320706,1.495115940098341,0.0010041115890851442,0.005223884526118708,12.808546217345624,7.068473222344249e-07
0.07466816434071938,1.4941261207730434,0.0009837677868177006,0.006257044003382081,16.944240480789862,7.835322622069491e-07
0.06507057818121083,1.4950185105071696,0.0010092678345348979,0.0055033351163842606,29.424699559852623,4.196245577698226e-07
0.07150838764963456,1.368836882301179,0.0009938369754042525,0.007898496158898339,28.489136551656994,2.992907925174144e-07
0.0774152441413352,1.5537977985581382,0.0010004713025885603,0.001856180988410661,10.80638322972231,4.6237199942889934e-07
0.06323503423193212,1.5214045962194538,0.00099640685924127,0.005393461759464588,23.914965254037185,7.533791594376775e-07
0.06727149876979095,1.4175376242330597,0.0010087990739239279,0.005921803085472648,22.730865894569284,3.0398179129628957e-07
0.07408697916549906,1.4059898083837579,0.000998474917275747,0.009318985556395742,18.137773666049828,7.738698527746991e-07
0.06840948154245871,1.4018128244757397,0.0010202294739281637,0.004981922578567653,13.615083594018039,3.062719362083798e-07
0.0774624634685762,1.4454231180785682,0.0010059214976800993,0.005919477800225317,18.05243854903834,4.0475500750394074e-07
0.064916261899687,1.4038864429307127,0.0010162177259228032,0.005539186088445372,13.617983356351445,4.126793765371397e-07
0.06517840798776757,1.5591846422918474,0.000984597880752129,0.001563548223862271,19.11784248573253,3.374980717021916e-07
0.08800324905957309,1.5287368441338551,0.0010037466559792842,0.003461396536630274,13.195539626279647,4.816011908803552e-07
0.05535314514232174,1.4045356216149698,0.0010168654420486959,0.00507129117207614,10.269995777574039,5.507216691015408e-07
0.0599458609391584,1.565055621785778,0.0009977275634588502,0.001864036740505985,24.759408418610214,8.338150138314422e-07
0.07588010266119294,1.4653212053427958,0.0009748086536455725,0.008662672313165766,25.928766961202303,7.026808322259036e-07
0.06485255291158291,1.4288769179048464,0.0009924263366060653,0.003981036763300677,10.58206028562389,3.1852051114594507e-07
0.06490140238015411,1.4841893510750717,0.0009965252911352345,0.005427115666837772,12.296652952847413,8.508167847492673e-07
0.07087707816555507,1.5152873984677435,0.0009917651757841987,0.005507078449409592,17.637327384983635,8.946886123505422e-07
0.08543941091624445,1.4494101600078766,0.0010007639054083579,0.0061775560426831615,16.046562781657272,4.542315281207231e-07
0.09211915462487905,1.4788218763760697,0.0010014504131780435,0.007088642303321804,23.30128934851489,5.023834899775689e-07
0.08624650937854478,1.517950909577769,0.0009995942163244654,0.003484084735868342,13.010055928676728,4.1222522666886923e-07
0.07684321237017029,1.4856675533138277,0.0009962262559855483,0.007470129992585736,29.408068307963873,5.680174923490173e-07
0.06446397456999431,1.3907882712275303,0.0010124749504526686,0.006523654134333337,20.01534389558001,3.759239596713778e-07
0.083246726572733,1.4186227656442851,0.0009862079238829907,0.004578171238295034,10.831609135682625,3.141562690439023e-07
0.05968776849375139,1.4474062861319428,0.0009935879389616118,0.0057879127278331905,28.93459178121962,3.1930746326105606e-07
0.05648952527407622,1.4449075721913285,0.0009904363877028663,0.003392179821435878,10.201923392062785,3.1955059886137917e-07
0.0724728646128666,1.50688170164044,0.0009957262826353012,0.005177027091123802,15.258177503515276,7.588754984129122e-07
0.06363123907160982,1.482016755212299,0.0009949174207937405,0.0074844007651022676,26.20344938864525,7.458672092015816e-07
0.07094274681960488,1.4147212920154097,0.0009928333896698667,0.007034128724287786,11.121606477487248,7.930241372930378e-07
0.06400332668628801,1.4366109098257758,0.0010071586367142327,0.006986543828059002,16.397792437180946,7.074455887095814e-07
0.06838164639480981,1.540266227291038,0.000995284749206052,0.0024635499630292794,10.172041427329301,5.902593714113977e-07
0.07804972432692403,1.5445197713835992,0.0009955982852083549,0.002754215811981534,24.314522534802876,3.0110424290938553e-07
0.07399649777626532,1.5567480211076077,0.0009994125989897247,0.002056671954910091,26.308408659308423,3.142486930695311e-07
0.08408851727195868,1.5522699782250544,0.0010111912493329194,0.003109166979941869,28.541937220840328,4.3821942462828716e-07
0.07742913117258911,1.399627072768751,0.0010131989067176878,0.007879990800025702,20.609218000817055,4.5447821028300355e-07
0.07405059252603338,1.4723524214968269,0.0009997761989573857,0.005459527745353979,28.78503030612522,2.911893457466177e-07
0.07210789788644408,1.4191277928938644,0.001000624004837932,0.009168890316168623,18.34964387141806,8.267458980470261e-07
0.07277952379168051,1.4575284703355063,0.0010011638683348413,0.003907135316613161,17.11101675437128,2.168902101864219e-07
0.09155839921651242,1.3401939479798002,0.0009970418832767334,0.015198203501163982,29.934806859232047,7.353411767290557e-07
0.07322867472346976,1.5648620863740028,0.0009896671393181352,0.0010778264130883882,29.178367158328463,1.8161346478115336e-07
0.06814228372708353,1.4819129860976739,0.0010052373284961467,0.004610976532327062,18.737827449439273,3.7427705949802844e-07
0.08258981252453736,1.4884199252692651,0.0010033600024620067,0.00763548369098332,20.937589009454825,8.486893035875347e-07
0.077074426831241,1.2324136644384531,0.0009953867759167003,0.007054873678620988,15.927519926957634,2.462067468443596e-07
0.06366354424364863,1.2990170450619751,0.0010038533837186112,0.006176574710324032,18.53953093619581,2.338002430132272e-07
0.07339314618993381,1.5485875014769759,0.0009934008410682463,0.0038196409749924162,28.4629393272852,6.126235616679912e-07
0.07043480576161266,1.4981380661875918,0.000991473764131178,0.003329518733616862,17.03444864109273,2.5477257037439375e-07
0.07285491262703508,1.4325879464471232,0.0010103827475599384,0.005969832861361135,12.663730430925762,5.506639598610255e-07
0.04934326356311289,1.4181643744419246,0.0009924418488770428,0.009063072433876983,27.54460506955977,7.995270099727427e-07
0.050188439128797425,1.5316145569418773,0.0010075729601216371,0.004662127884410248,28.3718161433555,8.02542384457958e-07
0.07823156054200275,1.4679833100515811,0.0010093913397294777,0.00784893070706655,18.11067127759638,8.282605326028518e-07
0.08643653460481555,1.4037415914371805,0.0010038723678798339,0.007838008709020475,26.353547724996208,3.317780792115206e-07
0.07452337992818225,1.5155403896261816,0.0009904453757305733,0.005417796335970858,20.01896553386618,7.181158071289986e-07
0.053283615490727534,1.49707575689525,0.0009966060926055865,0.004808374015500814,14.840595319236291,7.983229932524689e-07
0.06640251378874004,1.4106682138385387,0.0009906146681958625,0.007939954891844696,17.171350638754525,7.074798354550768e-07
0.05824391085886724,1.2563181833433743,0.0009904086400186168,0.007963556524215026,26.109718638751243,2.688698360172776e-07
0.06129984678474461,1.482239746918322,0.0010165009699691393,0.004221545734669611,14.540232241376323,4.750240695581143e-07
0.06797233635824045,1.4216364826199555,0.000994085756236646,0.004465189273267829,10.1799539128314,3.782621465149593e-07
0.08221078276654126,1.3478763326155172,0.0010147976437417908,0.005690780011510464,14.324977057919524,2.552929377526144e-07
0.07819393882053548,1.4607729760865067,0.0010126762722555156,0.009504731218830364,25.381615313589627,8.678984644520405e-07
0.06267693219630573,1.3196445200243703,0.0010018734231959027,0.00800350871506415,17.73990897091775,4.521101059526911e-07
0.06719316458469035,1.3765777009814446,0.0009899842620411778,0.007901119004792087,28.673537087883513,3.328350144403625e-07
0.06512219674845769,1.3839541655081313,0.0010008354700743011,0.010654895066736643,21.54543635304305,8.614971559827265e-07
0.05576730744475659,1.4162636262302186,0.0009990346933397606,0.0035474232235306316,12.128142200335086,2.3695594578904195e-07
0.0702603389016185,1.4729133882311276,0.0010037426995308217,0.005677775127699853,22.526945577607698,4.2043420134255305e-07
0.08544019388256908,1.511240520132287,0.0009873260057184903,0.005005011793920547,13.922757244448363,7.047711537942716e-07
0.06683723570110438,1.4643554998172583,0.0009961027452323776,0.003979753176811785,13.153959889439191,3.40187413593383e-07
0.06314011373905229,1.5054437617683019,0.0009997443801824002,0.003218789826214982,20.34645252258364,2.476260280326087e-07
0.0684506415408443,1.2638558072636212,0.0010005018531432917,0.015202964315622645,27.285464482870566,8.263051405042865e-07
0.06864828432488473,1.5093818784878272,0.0009930201221917435,0.005831270852424171,18.048962576219438,8.809700641599376e-07
0.0876334304321534,1.5015396093928375,0.0009990153797433362,0.0050366827407455714,10.455011316953522,8.293966754647991e-07
0.0793556339875146,1.5053473083825626,0.001005185953208406,0.005593083806822486,14.429046325008487,8.550193423305071e-07
0.06107368598605469,1.5323227595926145,0.0010008825966059155,0.0038918828408421075,22.503038714438087,5.795384166586208e-07
0.07650676571877214,1.5125724585164126,0.0010019466400046904,0.0071008205434333425,29.301870649846524,7.767678325285913e-07
0.08823483802633303,1.4162410088438024,0.00099814710459517,0.00585818892032409,12.452661582418973,4.065467223704069e-07
0.09400260432048964,1.4770300489220236,0.0009930208755679825,0.007381299360621903,15.710905858373955,7.692629441770661e-07
0.07561992951185902,1.5489280403652896,0.0009993728446820874,0.0032297110839569396,15.534586286657708,8.213679757710218e-07
0.05639404668435704,1.4515966829291467,0.0010115571754330873,0.006416313912047324,14.07520148415579,8.871644677783623e-07
0.05712800193439227,1.495505317408999,0.0009915364691284424,0.006291615046391999,24.24109908724877,7.799463982164748e-07
0.07584676942686283,1.5519133409061872,0.001006277338120742,0.0022043826976105635,23.401850171356518,2.8628471251072904e-07
0.0769409129504242,1.5630335470932042,0.0009925497341759682,0.0015122355238512447,21.03944113834055,3.708986249482304e-07
0.0863830437319242,1.4160827245130045,0.0010193978183071929,0.007278468770179182,10.81939985040703,7.422388958350739e-07
0.06202710740805288,1.5220699898196148,0.0010189712829064604,0.0030638679916929587,13.719054893172002,4.6090481880954053e-07
0.07129681866998357,1.5233503633215952,0.0009791188622604347,0.0044394385928963834,23.83489872741599,4.829688626824858e-07
0.0908795480861751,1.5164625909509875,0.0009829628721190898,0.0032506370198506006,15.633884548402214,2.730738239269172e-07
0.07904221021368461,1.5263068939576312,0.0009876673308499174,0.004901427385427333,29.76062913024159,4.631271698087755e-07
0.06308474470329772,1.3771220623961566,0.001018432991421039,0.00779467687084494,13.058660911172467,7.635186667253067e-07
0.07989985494838665,1.566206871029429,0.0010018271338073884,0.0013050207648562919,19.66661479850576,4.7879112909515e-07
0.08611548959470855,1.4726467065700684,0.0009993538357551993,0.00905629757192253,22.36577477020055,8.515696544361666e-07
0.08740789933486645,1.4771414922137245,0.0009835886160519988,0.009248633128139332,24.793669186847307,8.189772254008458e-07
0.06970193879551131,1.4567240422994188,0.0010196026683214447,0.004947611639708897,21.565544744969195,2.9172642849085664e-07
0.08088753005592308,1.4154969560881998,0.0010087649395215865,0.005256294314980025,14.25554525775832,3.2288216203449796e-07
0.07970465388451917,1.450594498040049,0.0010101969834741317,0.007506973627487671,18.593979267951696,6.095021014918155e-07
0.0679341900957561,1.5350358405358155,0.0009993691067947373,0.004555685056179747,19.245474855947137,8.991764452549078e-07
0.07430356663071747,1.3690764934117794,0.0010122576900537443,0.006811074042476163,12.160282840072966,5.254355343360776e-07
0.06582858451037424,1.2643020547777715,0.0009864126474796568,0.007269714643664131,15.493447539522485,3.4476342217140384e-07
0.0776989452848891,1.4818467436298277,0.0009889640397853505,0.006078163164739514,21.9675309467532,4.75189336162291e-07
0.0677763697977258,1.488292824309492,0.0010114443317627393,0.006595048805413751,18.163633643371124,8.798032498155425e-07
0.07416588229749241,1.5548170747480126,0.000997035348675528,0.0030412298061078583,18.000978035700996,8.652230217080245e-07
0.08141494900404082,1.4399097238828615,0.0010108668113983632,0.009119314239477707,19.136712801947784,8.128784620385631e-07
0.08683866658708445,1.5244173558060627,0.0010071455587241484,0.003017683045685365,11.393454775985575,3.9808074985526123e-07
